51,2026-07-11 00:00:00,P010,Limpa piso concentrado 5L,Limpeza,galão,16,10.9,11.45,183.2,Pix,Camaragibe,PE,Ana,Entregue,"Serviço de Informações Municipais, 2026"
52,2026-08-02 00:00:00,P018,Pedra sanitária,Higiene,unidade,13,5.71,5.42,70.46,Boleto,Olinda,PE,Ana,Em separação,"Licitação Barra Mansa, 2026"
53,2026-07-17 00:00:00,P025,Luva de látex para limpeza,EPI,par,5,10.63,11.16,55.8,Boleto,Olinda,PE,Mariana,Faturado,"Licitação Barra Mansa, 2026"
54,2026-08-08 00:00:00,P002,Água sanitária 5L,Saneantes,galão,17,17,16.15,274.55,Cartão,Recife,PE,Bruno,Faturado,"Busca Licitações / PNCP, 2026"
55,2026-09-14 00:00:00,P009,Limpa vidros 500ml,Limpeza,frasco,8,7,7.21,57.68,Boleto,Recife,PE,Carla,Pendente,"Prefeitura de São Luís, 2026"
56,2026-05-11 00:00:00,P017,Desodorizador de ambiente 360ml,Higiene,frasco,10,11,11.88,118.8,Boleto,Olinda,PE,Diego,Faturado,"Prefeitura de São Luís, 2026"
57,2026-04-27 00:00:00,P024,Pano de limpeza xadrez,Acessórios,unidade,16,5.99,6.47,103.52,Boleto,Cabo de Santo Agostinho,PE,Mariana,Faturado,"Licitações Cardoso/SP, 2026"
58,2026-04-03 00:00:00,P001,Água sanitária 1L,Saneantes,frasco,17,3.49,3.59,61.03,Boleto,Olinda,PE,Carla,Entregue,"Busca Licitações / PNCP, 2026"
59,2026-02-17 00:00:00,P008,Limpador multiuso 500ml,Limpeza,frasco,17,3,3.09,52.53,Transferência,Paulista,PE,Mariana,Pendente,"Busca Licitações / PNCP, 2026"
60,2026-04-23 00:00:00,P016,Sabonete líquido 5L,Higiene,galão,1,40.11,42.12,42.12,Cartão,Recife,PE,Diego,Em separação,"Licitação Barra Mansa, 2026"
61,2026-05-08 00:00:00,P023,Pano de limpeza tipo saco,Acessórios,unidade,7,6,6.3,44.1,Transferência,Cabo de Santo Agostinho,PE,Bruno,Em separação,"Licitações Cardoso/SP, 2026"
62,2026-04-13 00:00:00,P030,Papel toalha interfolha,Higiene,pacote,4,17.95,17.05,68.2,Pix,Jaboatão dos Guararapes,PE,Ana,Em separação,"Licitações Cardoso/SP, 2026"
63,2026-04-11 00:00:00,P007,Detergente neutro 5L,Limpeza,galão,13,44.53,44.53,578.89,Cartão,Abreu e Lima,PE,Diego,Faturado,"Licinexus / PNCP, 2026"
64,2026-05-14 00:00:00,P015,Álcool gel 500ml,Saneantes,frasco,7,17.03,17.03,119.21,Boleto,Recife,PE,Mariana,Entregue,"Licitação Barra Mansa, 2026"
65,2026-06-22 00:00:00,P022,Pano de chão grande,Acessórios,unidade,16,4.93,5.32,85.12,Transferência,Igarassu,PE,Bruno,Entregue,"Prefeitura de São Luís, 2026"
66,2026-09-02 00:00:00,P029,Papel higiênico 4x60m,Higiene,pacote,1,8.52,8.95,8.95,Pix,Jaboatão dos Guararapes,PE,Carla,Entregue,"Licitações Cardoso/SP, 2026"
67,2026-04-26 00:00:00,P006,Detergente líquido 500ml,Limpeza,frasco,1,2.34,2.53,2.53,Boleto,Olinda,PE,Carla,Entregue,"LicitaChei / PNCP, 2026"
68,2026-06-13 00:00:00,P014,Sabão de coco,Lavanderia,unidade,1,7.61,7.84,7.84,Boleto,Recife,PE,Diego,Pendente,"Licitação Barra Mansa, 2026"
69,2026-03-10 00:00:00,P021,Flanela multiuso 38x58cm,Acessórios,unidade,14,3.62,3.91,54.74,Transferência,Camaragibe,PE,Carla,Entregue,"Licitado / PNCP, 2026"
70,2026-09-24 00:00:00,P028,Vassoura piaçava gari,Acessórios,unidade,3,51,51,153,Cartão,Cabo de Santo Agostinho,PE,Carla,Em separação,"Licitação Barra Mansa, 2026"
71,2026-03-23 00:00:00,P005,Desinfetante 5L,Saneantes,galão,13,26,26.78,348.14,Pix,Cabo de Santo Agostinho,PE,Mariana,Em separação,"Busca Licitações / PNCP, 2026"
72,2026-01-12 00:00:00,P013,Sabão em pó 1kg,Lavanderia,caixa,12,11.34,11.68,140.16,Boleto,Paulista,PE,Diego,Em separação,"Licitação Barra Mansa, 2026"
73,2026-03-24 00:00:00,P020,Esponja de aço – pacote,Acessórios,pacote,17,16.8,16.8,285.6,Pix,Recife,PE,Diego,Pendente,"BrasilBid / PNCP, 2026"
74,2026-07-16 00:00:00,P027,Vassoura doméstica piaçava,Acessórios,unidade,18,43.7,45.89,826.02,Transferência,Cabo de Santo Agostinho,PE,Carla,Entregue,"Licitação Barra Mansa, 2026"
75,2026-01-13 00:00:00,P004,Desinfetante 1L,Saneantes,frasco,12,5.25,5.25,63,Boleto,Camaragibe,PE,Carla,Entregue,"LicitaChei / PNCP, 2026"
76,2026-08-12 00:00:00,P012,Alvejante sem cloro 2L,Lavanderia,frasco,8,13,13,104,Boleto,Jaboatão dos Guararapes,PE,Ana,Entregue,"Brilha Lar Distribuidora, 2026"
77,2026-08-13 00:00:00,P019,Esponja dupla face,Acessórios,unidade,7,1.5,1.54,10.78,Transferência,Olinda,PE,Bruno,Pendente,"Busca Licitações / PNCP, 2026"
78,2026-09-01 00:00:00,P026,Saco plástico para lixo 200L,Descartáveis,pacote,2,51.59,54.17,108.34,Transferência,Jaboatão dos Guararapes,PE,Ana,Em separação,"Licitação Barra Mansa, 2026"
79,2026-03-24 00:00:00,P003,Álcool etílico 70% 1L,Saneantes,frasco,3,13.33,13.33,39.99,Pix,Jaboatão dos Guararapes,PE,Ana,Em separação,"Busca Licitações / PNCP, 2026"
80,2026-05-11 00:00:00,P011,Amaciante 2L,Lavanderia,frasco,4,8.7,8.96,35.84,Pix,Abreu e Lima,PE,Ana,Faturado,"LicitaChei / PNCP, 2026"
81,2026-07-02 00:00:00,P018,Pedra sanitária,Higiene,unidade,11,5.71,5.71,62.81,Cartão,Paulista,PE,Carla,Entregue,"Licitação Barra Mansa, 2026"
82,2026-06-06 00:00:00,P025,Luva de látex para limpeza,EPI,par,9,10.63,10.63,95.67,Pix,Camaragibe,PE,Diego,Em separação,"Licitação Barra Mansa, 2026"
83,2026-06-24 00:00:00,P002,Água sanitária 5L,Saneantes,galão,4,17,17.85,71.4,Cartão,Paulista,PE,Ana,Pendente,"Busca Licitações / PNCP, 2026"
84,2026-04-02 00:00:00,P010,Limpa piso concentrado 5L,Limpeza,galão,5,10.9,11.23,56.15,Transferência,Igarassu,PE,Diego,Entregue,"Serviço de Informações Municipais, 2026"
85,2026-02-28 00:00:00,P017,Desodorizador de ambiente 360ml,Higiene,frasco,11,11,11,121,Boleto,Camaragibe,PE,Carla,Entregue,"Prefeitura de São Luís, 2026"
86,2026-06-17 00:00:00,P024,Pano de limpeza xadrez,Acessórios,unidade,1,5.99,6.17,6.17,Transferência,Camaragibe,PE,Bruno,Faturado,"Licitações Cardoso/SP, 2026"
87,2026-09-24 00:00:00,P001,Água sanitária 1L,Saneantes,frasco,14,3.49,3.49,48.86,Transferência,Cabo de Santo Agostinho,PE,Mariana,Em separação,"Busca Licitações / PNCP, 2026"
88,2026-03-10 00:00:00,P009,Limpa vidros 500ml,Limpeza,frasco,18,7,7.35,132.3,Pix,Camaragibe,PE,Bruno,Faturado,"Prefeitura de São Luís, 2026"
89,2026-09-19 00:00:00,P016,Sabonete líquido 5L,Higiene,galão,1,40.11,41.31,41.31,Boleto,Igarassu,PE,Ana,Entregue,"Licitação Barra Mansa, 2026"
90,2026-02-08 00:00:00,P023,Pano de limpeza tipo saco,Acessórios,unidade,9,6,5.7,51.3,Boleto,Camaragibe,PE,Carla,Em separação,"Licitações Cardoso/SP, 2026"
91,2026-07-29 00:00:00,P030,Papel toalha interfolha,Higiene,pacote,15,17.95,17.95,269.25,Pix,Recife,PE,Carla,Em separação,"Licitações Cardoso/SP, 2026"
92,2026-04-22 00:00:00,P008,Limpador multiuso 500ml,Limpeza,frasco,17,3,3.15,53.55,Pix,Jaboatão dos Guararapes,PE,Ana,Entregue,"Busca Licitações / PNCP, 2026"
93,2026-07-29 00:00:00,P015,Álcool gel 500ml,Saneantes,frasco,10,17.03,17.03,170.3,Boleto,Abreu e Lima,PE,Diego,Pendente,"Licitação Barra Mansa, 2026"
94,2026-05-05 00:00:00,P022,Pano de chão grande,Acessórios,unidade,2,4.93,5.18,10.36,Boleto,Cabo de Santo Agostinho,PE,Bruno,Entregue,"Prefeitura de São Luís, 2026"
95,2026-04-08 00:00:00,P029,Papel higiênico 4x60m,Higiene,pacote,17,8.52,8.95,152.15,Boleto,Abreu e Lima,PE,Mariana,Entregue,"Licitações Cardoso/SP, 2026"
96,2026-01-23 00:00:00,P007,Detergente neutro 5L,Limpeza,galão,11,44.53,44.53,489.83,Cartão,Jaboatão dos Guararapes,PE,Mariana,Pendente,"Licinexus / PNCP, 2026"
97,2026-08-29 00:00:00,P014,Sabão de coco,Lavanderia,unidade,9,7.61,7.61,68.49,Pix,Abreu e Lima,PE,Ana,Faturado,"Licitação Barra Mansa, 2026"
98,2026-07-19 00:00:00,P021,Flanela multiuso 38x58cm,Acessórios,unidade,17,3.62,3.73,63.41,Transferência,Jaboatão dos Guararapes,PE,Carla,Em separação,"Licitado / PNCP, 2026"
99,2026-09-26 00:00:00,P028,Vassoura piaçava gari,Acessórios,unidade,8,51,48.45,387.6,Boleto,Paulista,PE,Carla,Pendente,"Licitação Barra Mansa, 2026"
100,2026-06-23 00:00:00,P006,Detergente líquido 500ml,Limpeza,frasco,11,2.34,2.34,25.74,Cartão,Igarassu,PE,Ana,Pendente,"LicitaChei / PNCP, 2026"